id,year,make_ai,model_year,car_make,car_model,test_data,car_vin
1,2022,Mélodie,2025,Isuzu,Axiom,true,3GYFNBE30CS457599
2,2022,Andréanne,2025,GMC,Yukon,false,1G6DX67D490678601
3,2022,Marie-josée,2025,Mitsubishi,Diamante,true,1GYFK33259R365361
4,2022,Léandre,2025,Hyundai,Elantra,true,WAUEKBFB4BN095945
5,2022,Athéna,2025,BMW,1 Series,true,5TFCY5F16CX779208
6,2022,Méline,2025,Chevrolet,Express 3500,false,WBA4A5C56FG274691
7,2022,Marlène,2025,Chevrolet,Colorado,false,1G4CW54K154528257
8,2022,Åke,2025,Toyota,Land Cruiser,true,WDDEJ9EB6EA176379
9,2022,Marie-noël,2025,Porsche,928,true,3FAHP0DC6AR843212
10,2022,Illustrée,2025,Jeep,Wrangler,true,JTDZN3EU2D3991616
11,2022,Nélie,2025,Chevrolet,Suburban 2500,false,WBALY1C55ED792730
12,2022,Sélène,2025,Bentley,Mulsanne,false,1G4HP52K644423718
13,2022,Lén,2025,Dodge,Ram 3500,false,KMHGN4JE2FU385379
14,2022,Zoé,2025,Cadillac,Escalade EXT,false,1N6AF0LYXFN849064
15,2022,Salomé,2025,GMC,3500 Club Coupe,true,3VWF17AT0FM465275
16,2022,Mégane,2025,Chevrolet,Silverado 3500,false,SAJWA4DB7DL424498
17,2022,Åsa,2025,Buick,Regal,false,SCFBB04BX8G021568
18,2022,Yénora,2025,Infiniti,G35,false,3C3CFFDR8DT381276
19,2022,Séréna,2025,Chrysler,Sebring,true,SCFEBBDL9EG248702
20,2022,Kallisté,2025,Honda,Odyssey,false,WVGAV7AX8FW563650
21,2022,Håkan,2025,Infiniti,I,false,WAUXF78K89A790762
22,2022,Rachèle,2025,Ford,Explorer Sport,false,1G6DA5EY9B0030243
23,2022,Méryl,2025,Volkswagen,GTI,true,5J6TF2H56FL830510
24,2022,Stévina,2025,GMC,Safari,true,1G6AC1RX1F0538753
25,2022,Loïs,2025,Lotus,Exige,false,WBAHN83597D342590
26,2022,Audréanne,2025,Kia,Sedona,true,1G6DC8E50C0593250
27,2022,Maëlann,2025,Daewoo,Nubira,false,5TDBKRFH0ES237905
28,2022,Audréanne,2025,Kia,Sorento,true,YV126MEC0F1823848
29,2022,Noémie,2025,Toyota,Avalon,false,WAUEV74FX8N460034
30,2022,Céline,2025,Cadillac,DTS,false,1N6AF0KY3EN257991
31,2022,Céline,2025,Ford,F-Series,false,5N1AN0NUXEN906583
32,2022,Eléa,2025,Dodge,Viper,false,WBASN2C57DC781646
33,2022,Clémence,2025,Chevrolet,1500,false,4T1BD1FK3EU235550
34,2022,Renée,2025,Studebaker,Avanti,false,5GAKVCKD3DJ498367
35,2022,Naëlle,2025,Ford,Mustang,false,4T1BD1FK2EU124648
36,2022,Maëlla,2025,Ford,Freestar,false,1FTWF3B58AE920849
37,2022,Wá,2025,Nissan,Maxima,true,1NXBU4EE5AZ265463
38,2022,Renée,2025,Honda,Civic GX,false,WVGAV7AX4CW787123
39,2022,Maëlla,2025,Infiniti,FX,false,JTEBU4BF0AK602212
40,2022,Eliès,2025,Porsche,Panamera,true,JTEBU5JR9F5928596
41,2022,Clémence,2025,Toyota,4Runner,false,1FTWX3A53AE437770
42,2022,Estève,2025,Suzuki,Aerio,false,SCFHDDAJ0CA434957
43,2022,Marie-thérèse,2025,Isuzu,i-370,false,WBAEB535X8C856949
44,2022,Torbjörn,2025,Nissan,Pathfinder,true,1N6AA0CA7EN146571
45,2022,Dafnée,2025,Lincoln,Town Car,true,KMHTC6AD2FU588344
46,2022,Audréanne,2025,Nissan,Pathfinder,false,JH4DC53093C716186
47,2022,Loïs,2025,Mazda,Mazda5,false,WBA3T3C58F5606331
48,2022,Görel,2025,Bentley,Arnage,true,1FTFW1E81AF909812
49,2022,Jú,2025,Pontiac,Gemini,true,JA4AS2AW1CU524665
50,2022,Noëlla,2025,BMW,M3,true,JN1AZ4EH1DM220605
51,2022,Yáo,2025,Porsche,911,false,1D7RW3BK9BS032352
52,2022,Ruì,2025,Ford,C-MAX Hybrid,true,5UXFE4C56AL887838
53,2022,Yóu,2025,Buick,Terraza,false,3VW1K7AJ5CM315423
54,2022,Séverine,2025,GMC,Savana 3500,false,19UUA8F26CA148806
55,2022,Yóu,2025,Mercedes-Benz,300SD,false,1FMJK1H5XEE877327
56,2022,Mélissandre,2025,Mitsubishi,Challenger,true,19VDE2E59EE308021
57,2022,Mylène,2025,Bentley,Azure,false,WAUJT68E02A772135
58,2022,Bénédicte,2025,Audi,S6,false,KM8JT3AB7CU806942
59,2022,Kallisté,2025,Ford,Excursion,false,1G4GE5G30EF502231
60,2022,Océanne,2025,Lamborghini,Gallardo,false,1C3CDZAB8EN655835
61,2022,Néhémie,2025,Lotus,Exige,false,WAUDGAFL3CA186584
62,2022,Mélina,2025,Ford,Escape,true,WA1CFBFP1DA472133
63,2022,Béatrice,2025,Cadillac,SRX,true,WBA3B3C59FJ226022
64,2022,Danièle,2025,Hyundai,Sonata,false,WBAXH5C51CD202741
65,2022,Andrée,2025,Lincoln,Continental,true,WAUKH74F98N077163
66,2022,Médiamass,2025,Pontiac,Bonneville,true,3TMJU4GN4BM179659
67,2022,Océanne,2025,Lotus,Elan,false,5TDBM5G14BS077222
68,2022,Lèi,2025,Honda,Element,false,WAUBH78E08A190475
69,2022,Yóu,2025,Chevrolet,Sportvan G20,true,JTHKD5BH5C2953128
70,2022,Marylène,2025,Ford,Edge,false,WA1WMAFE9DD215098
71,2022,Naéva,2025,Mazda,MX-3,false,JN1CV6EK5FM511039
72,2022,Léone,2025,Chevrolet,Suburban 2500,true,WAUDF98E98A744817
73,2022,Måns,2025,Mazda,323,true,2C3CA6CT4AH526944
74,2022,Salomé,2025,Cadillac,Escalade EXT,false,5J8TB2H29CA888868
75,2022,Mélia,2025,Toyota,Land Cruiser,false,WBAGN63514D727329
76,2022,Maïlys,2025,Ford,Escape,true,WA1CMAFP3EA866525
77,2022,Estée,2025,GMC,3500,false,JM1DE1HY5B0886032
78,2022,Lén,2025,Jeep,Wrangler,false,1G6DN57S650545539
79,2022,Josée,2025,Cadillac,DTS,true,3N1CN7AP7EL952624
80,2022,André,2025,GMC,3500,true,2FMGK5C87FB881528
81,2022,Léana,2025,Chevrolet,Uplander,true,1D7RW3GK0BS564226
82,2022,Frédérique,2025,Lexus,IS-F,true,WAUWGBFC7EN026489
83,2022,Léandre,2025,Suzuki,Daewoo Lacetti,false,2CTALBEW3A6017781
84,2022,Märta,2025,Mercury,Sable,false,WA1WKAFP4CA131729
85,2022,Bérengère,2025,Toyota,Supra,false,JN8AZ2ND1F9394828
86,2022,Loïs,2025,Pontiac,G6,true,1GYS3HEF5BR750322
87,2022,Maëlla,2025,Volvo,S80,true,WBADT33491G213690
88,2022,Cinéma,2025,GMC,Sierra,false,2G4WY55J211489469
89,2022,Félicie,2025,Lexus,LX,false,JN8AS5MT2DW620968
90,2022,Marlène,2025,Kia,Amanti,false,19UUA56962A620156
91,2022,Gisèle,2025,Ford,Edge,true,3MZBM1L73EM188736
92,2022,Anaïs,2025,Lexus,GS,false,3D73Y4HL5AG432193
93,2022,Adèle,2025,Lincoln,Town Car,true,WUAPV64B73N008315
94,2022,Geneviève,2025,BMW,M3,true,5FNRL5H27CB199345
95,2022,Béatrice,2025,Saab,9-3,true,WBA3D3C50EF284404
96,2022,Thérèsa,2025,Mitsubishi,Montero,false,SALFR2BG3EH732677
97,2022,Yáo,2025,Mercedes-Benz,500E,true,SCBBP9ZA7AC988269
98,2022,Nadège,2025,Mercedes-Benz,W201,false,3D7TT2CT7AG503761
99,2022,Océane,2025,Infiniti,G,true,WBAGG834X1D737317
100,2022,Cécilia,2025,Nissan,350Z,false,1G6AB5R3XF0413063
101,2022,Marlène,2025,GMC,Rally Wagon G2500,false,1N6AA0CC9DN579034
102,2022,Maïté,2025,Mercedes-Benz,C-Class,true,WAUVT68E84A428833
103,2022,Estève,2025,Ford,Ranger,true,WVGAV7AXXFW438682
104,2022,Michèle,2025,GMC,Sierra 1500,true,JTHKD5BHXC2855440
105,2022,André,2025,Lexus,IS-F,false,WAUWFAFR4DA424850
106,2022,Athéna,2025,Chrysler,Concorde,false,2C3CDXBG9DH118218
107,2022,Zoé,2025,Volvo,C70,false,1FTEW1C81AK643990
108,2022,Andréanne,2025,Buick,Riviera,true,WAUKFAFL4BA242816
109,2022,Audréanne,2025,Audi,4000s Quattro,true,2C3CCAFJ6CH539463
110,2022,Nélie,2025,Suzuki,SJ,false,19UYA42731A585820
111,2022,Simplifiés,2025,Ford,Econoline E250,true,3VWML7AJ9EM345411
112,2022,Lauréna,2025,Chevrolet,Caprice Classic,true,JTHHP5BC2F5910150
113,2022,Torbjörn,2025,Audi,100,true,WAUWGBFCXEN870770
114,2022,Mélina,2025,Volvo,S80,false,4T1BF1FK5FU291632
115,2022,Dù,2025,Geo,Prizm,false,JTMHY7AJ2F4836647
116,2022,Mårten,2025,Ford,F250,false,WAUKG78E16A754697
117,2022,Mén,2025,Ford,F-Series,false,3N1BC1AP4AL785972
118,2022,Léonore,2025,Dodge,Dakota,true,JTMHY7AJ8B4386948
119,2022,Hélène,2025,Mercedes-Benz,SL-Class,true,WAUUL98EX6A355187
120,2022,Marie-josée,2025,Acura,TL,false,WBSKG9C5XDE221963
121,2022,Eugénie,2025,Buick,Regal,true,WDDGF4HB1CR834195
122,2022,Séréna,2025,Isuzu,Amigo,false,WAULFAFR4BA865040
123,2022,Naéva,2025,MINI,Clubman,false,3VWML7AJ3DM929611
124,2022,Vénus,2025,Chrysler,PT Cruiser,true,JTEBU5JR3A5363299
125,2022,Edmée,2025,Nissan,Datsun/Nissan Z-car,true,JTHBE5C20A2728149
126,2022,Mélys,2025,Ford,Ranger,true,5UXZV8C53CL754834
127,2022,Kuí,2025,Dodge,Colt,false,WAUPFAFM9AA065581
128,2022,Maëlann,2025,GMC,Safari,true,WBADT63472C869400
129,2022,Kuí,2025,Maserati,430,false,WDDHF5KB2EA964202
130,2022,Andréanne,2025,Ford,EXP,true,WBAXA5C55FD023417
131,2022,Judicaël,2025,Mercedes-Benz,SLK-Class,true,WBAVS13548F285658
132,2022,Tán,2025,Lincoln,MKZ,false,1FMJK1G51AE850481
133,2022,Yè,2025,Volkswagen,Passat,false,SCBZU25E11C780654
134,2022,Eléonore,2025,Mercury,Topaz,false,JTDKDTB32D1245842
135,2022,Gérald,2025,Buick,LaCrosse,false,WA1AM94L39D558961
136,2022,Simplifiés,2025,Volkswagen,CC,false,JH4DC44661S465062
137,2022,Dafnée,2025,Volvo,XC60,true,2C4RDGCG5FR268991
138,2022,Marie-hélène,2025,Nissan,Pathfinder,true,WVGAV3AX6EW689545
139,2022,Marie-ève,2025,Lexus,LS,false,SAJWA1CB6CL973253
140,2022,Nuó,2025,Toyota,Sienna,false,5J6TF1H33AL381417
141,2022,Océane,2025,Mazda,626,true,YV1960BW4A1184453
142,2022,Thérèsa,2025,Honda,Accord,true,WA1BV74L98D824407
143,2022,Judicaël,2025,Saab,9-3,true,SAJWA0F77F8237642
144,2022,Håkan,2025,Saturn,VUE,true,3D73M3HL4BG790599
145,2022,Dù,2025,Mercedes-Benz,CL-Class,false,WAUKF98E35A421219
146,2022,Régine,2025,Chevrolet,Silverado,true,2HNYD18203H564616
147,2022,Marie-ève,2025,Mercury,Grand Marquis,true,1G6AD5S30E0164162
148,2022,Méthode,2025,Kia,Rio,true,1GTN1UEHXEZ521044
149,2022,Ráo,2025,Mercedes-Benz,CLK-Class,true,4T3BA3BBXFU319240
150,2022,Dà,2025,Chrysler,Sebring,false,3GYT4LEF0DG890379
151,2022,Cécile,2025,Mercedes-Benz,S-Class,false,3C63D3KL8CG517435
152,2022,Méryl,2025,Land Rover,Discovery,false,1G6AE5SX6D0840063
153,2022,Valérie,2025,Saturn,Sky,true,WAUUL78E18A820964
154,2022,Gaëlle,2025,Chevrolet,2500,false,WBANV13548B879911
155,2022,Anaé,2025,Saturn,S-Series,false,SCBFT7ZA0FC133759
156,2022,Yáo,2025,Infiniti,FX,true,YV440MDB3F2149047
157,2022,Erwéi,2025,Chevrolet,Express 1500,true,5TDDK3DC2FS778503
158,2022,Aloïs,2025,Dodge,Ram 2500,true,WAUGFAFRXBA493544
159,2022,Björn,2025,Mitsubishi,Tredia,false,WBANA535X5B967599
160,2022,Maéna,2025,Mitsubishi,Cordia,true,1G4HP54K344657117
161,2022,Néhémie,2025,Chevrolet,Avalanche 1500,false,1GD11ZCG0BF195690
162,2022,Maëline,2025,Mercury,Marauder,true,WBAPK7C54AA335702
163,2022,Östen,2025,Mitsubishi,Diamante,false,WVGEF9BP3ED766058
164,2022,Yè,2025,Volkswagen,Passat,true,SCBFT7ZAXFC818741
165,2022,Zhì,2025,Land Rover,Discovery,true,1D4RE5GG8BC373137
166,2022,Anaëlle,2025,Land Rover,Range Rover,false,3VW1K7AJ2EM859574
167,2022,Aí,2025,Acura,RL,false,3FADP4AJ2DM991612
168,2022,Gösta,2025,Volkswagen,Passat,false,5GAKVDED0CJ200020
169,2022,Eugénie,2025,GMC,Savana 2500,false,5GADS13S272523647
170,2022,Fèi,2025,Chevrolet,Camaro,true,5J6TF1H36DL400353
171,2022,Anaïs,2025,Toyota,Supra,true,3TMJU4GN7BM557814
172,2022,Médiamass,2025,Lincoln,Town Car,false,1G6AC5SX3E0901568
173,2022,Mélanie,2025,Acura,TSX,false,3VW1K7AJ4CM203311
174,2022,Mélodie,2025,Pontiac,Montana,true,1G6AA5RX7E0320408
175,2022,Jú,2025,BMW,Z8,false,2FMHK6CC7AB325811
176,2022,Angèle,2025,Nissan,Pathfinder,true,1G6AT5S37F0259614
177,2022,Léone,2025,Lexus,LS,false,1B3CB8HB6AD454339
178,2022,Alizée,2025,Honda,CR-X,true,1YVHZ8BHXA5881895
179,2022,Vénus,2025,Volkswagen,Type 2,true,WP0AB2A87FK916802
180,2022,Edmée,2025,Pontiac,Grand Prix,true,1G4GG5G35DF126702
181,2022,Gérald,2025,Land Rover,LR3,true,WBAYF8C59ED684888
182,2022,Kallisté,2025,Oldsmobile,Bravada,false,3N6CM0KN1DK279870
183,2022,Lucrèce,2025,Chevrolet,Avalanche 2500,false,JHMGE8G39BC225323
184,2022,Eléonore,2025,Dodge,Avenger,false,WVGEP9BP9FD457788
185,2022,Loïca,2025,Mercury,Cougar,false,JN1AZ4EH6CM172193
186,2022,Åslög,2025,Chrysler,New Yorker,false,WDDHF2EBXCA255007
187,2022,Céline,2025,Mercury,Marquis,true,SCBZB25E21C265927
188,2022,Anaé,2025,Ford,Crown Victoria,false,SALFP2BN4BH129351
189,2022,Stévina,2025,Toyota,Sienna,true,KMHHT6KD8BU469549
190,2022,Sòng,2025,Lotus,Evora,true,WBSDX9C55CE587868
191,2022,Valérie,2025,Toyota,4Runner,false,KMHHT6KD0AU587528
192,2022,Almérinda,2025,Honda,Passport,true,JM1BL1K54B1008596
193,2022,Mélia,2025,GMC,Savana 2500,true,JH4CU4F64DC892101
194,2022,Aloïs,2025,Chevrolet,Corvair 500,false,YV4902DZ9D2398134
195,2022,Françoise,2025,Nissan,Quest,true,1N6AA0EK5FN086183
196,2022,Estée,2025,Nissan,Xterra,true,2C3CDZAT2FH965028
197,2022,Laïla,2025,Lexus,ES,false,JTDBT4K37A1857782
198,2022,Maëline,2025,GMC,Savana 2500,false,3GYT4NEF8DG878914
199,2022,Alizée,2025,Jeep,Cherokee,true,1N4AA5AP3BC874828
200,2022,Adélaïde,2025,Lincoln,Navigator,false,JN8AS5MT5FW350959
201,2022,Naëlle,2025,Mitsubishi,Diamante,true,1N6AA0CC4CN081225
202,2022,Tán,2025,Pontiac,Grand Am,true,WBA5B1C54FG683380
203,2022,Léonie,2025,Mitsubishi,Diamante,false,JM1NC2LF8F0740350
204,2022,Lorène,2025,Maserati,228,false,1YVHZ8BH4B5873101
205,2022,Dù,2025,Cadillac,CTS,true,4T1BF3EKXAU052308
206,2022,Lén,2025,Mercedes-Benz,Sprinter,true,1GKS1EEF8DR162786
207,2022,Gaïa,2025,Lotus,Esprit,false,WBADT63412C633941
208,2022,Inès,2025,Pontiac,G6,true,2B3CJ7DWXAH412197
209,2022,Anaël,2025,Toyota,Tundra,false,WA1BV94L57D329566
210,2022,Amélie,2025,Dodge,Ram 2500,true,WAUHFAFL7FN717268
211,2022,Cunégonde,2025,Cadillac,CTS,true,KMHGH4JH8DU333625
212,2022,Publicité,2025,Morgan,Aero 8,false,1GYUCAEF7AR936393
213,2022,Styrbjörn,2025,Chevrolet,Camaro,true,1C3BC4EB7AN024158
214,2022,Irène,2025,GMC,Yukon,true,1G6AE1RX1F0087978
215,2022,Laïla,2025,GMC,Sonoma Club Coupe,false,WBAKB0C57CC198635
216,2022,Lyséa,2025,Toyota,Tercel,false,3MZBM1U70EM150363
217,2022,Laïla,2025,Nissan,Quest,false,SAJWA2GT4EM356603
218,2022,Clélia,2025,Suzuki,XL-7,false,WAULT58E54A857154
219,2022,Alizée,2025,Chrysler,300M,true,WBABV13444J016519
220,2022,Torbjörn,2025,Pontiac,Aztek,false,WA1C8BFP8DA441732
221,2022,Estève,2025,Ford,Escort,true,5GAKVBED6CJ935119
222,2022,Frédérique,2025,Saturn,Aura,false,SALVP1BG9FH195116
223,2022,Desirée,2025,Toyota,Sienna,false,1GD01ZCG0CF406982
224,2022,Åslög,2025,Volkswagen,Golf,false,WBADT43422G720535
225,2022,Mégane,2025,Mercury,Sable,true,SAJWA4HA3EM156658
226,2022,Adélie,2025,Audi,80,false,WAUAKAFBXBN754068
227,2022,Gaïa,2025,Porsche,911,false,YV1902AH5C1962245
228,2022,Maëline,2025,Mitsubishi,Eclipse,false,JTHSE5BC7F5552183
229,2022,Léana,2025,Honda,Odyssey,false,1G4GB5GRXEF240943
230,2022,Ruò,2025,Honda,Odyssey,true,WAUGFAFC0EN443339
231,2022,Dafnée,2025,Dodge,Ram 1500 Club,true,5FPYK1F2XCB443006
232,2022,Dorothée,2025,Pontiac,Firebird,false,SALAB2D48BA575699
233,2022,Personnalisée,2025,Chrysler,200,true,3C6TD4CT9CG733685
234,2022,Méthode,2025,Dodge,Ram 3500,false,5GAKVBED8CJ269204
235,2022,Uò,2025,Audi,Allroad,false,JH4KA96571C913866
236,2022,Mégane,2025,Nissan,JUKE,false,1G4GA5GRXDF768841
237,2022,Marie-ève,2025,Maybach,62,false,1FTEX1CM8BK243193
238,2022,Tán,2025,Honda,S2000,false,JM3TB2BA3F0865425
239,2022,Lorène,2025,Oldsmobile,LSS,false,2C3CCAET8CH381565
240,2022,Marie-ève,2025,Pontiac,Firefly,false,WAULD64B04N242275
241,2022,Dù,2025,Chevrolet,TrailBlazer,true,WAUHGBFC5CN437623
242,2022,Anaël,2025,Dodge,Shadow,false,4T1BK3DB9CU332558
243,2022,Kù,2025,Hyundai,Genesis Coupe,false,1G6DP8EDXB0599499
244,2022,Gaëlle,2025,Chevrolet,Corvette,true,SCFEDCAD7AG443785
245,2022,Aloïs,2025,Lincoln,Mark VIII,false,WDDHF2EB9BA626463
246,2022,Thérèse,2025,Volvo,C70,false,JA4AP3AU6CZ636189
247,2022,Simplifiés,2025,Audi,Allroad,true,WBAUP93589V890754
248,2022,Maïlis,2025,Infiniti,J,true,WAUWFAFR3DA892763
249,2022,Alizée,2025,Chevrolet,G-Series G20,true,1GYS3LKJ6FR868445
250,2022,Örjan,2025,Lotus,Esprit,false,WBSBR93415P445792
251,2022,Séverine,2025,Chrysler,LeBaron,false,WAUEG98E16A520097
252,2022,Océanne,2025,Pontiac,6000,true,JN1AZ4EH4DM593718
253,2022,Sélène,2025,Lincoln,Continental Mark VII,true,1D4PU4GKXAW523299
254,2022,Céline,2025,Hyundai,Accent,false,SAJWA4FBXEL517773
255,2022,Jú,2025,Saab,9-3,false,WAUGGBFC9CN061083
256,2022,Lyséa,2025,Ford,F150,true,1C4SDJCT5CC000460
257,2022,Michèle,2025,Chevrolet,Cruze,true,3N6CM0KN0DK980805
258,2022,Maïwenn,2025,Dodge,Grand Caravan,true,2C3CDXCT4FH191592
259,2022,Cléa,2025,BMW,Z3,true,2G4WD582071021295
260,2022,Béatrice,2025,Isuzu,Rodeo,true,VNKKTUD39FA583433
261,2022,Bérangère,2025,Chevrolet,Suburban 1500,false,3VW217AU1FM211243
262,2022,Dà,2025,Plymouth,Grand Voyager,true,1G6KD57Y59U338833
263,2022,Rachèle,2025,Ford,F150,true,WAUSF98E88A824276
264,2022,Josée,2025,Dodge,Caliber,true,1G6DP5E38D0448038
265,2022,Yénora,2025,Hyundai,Tiburon,false,2G61N5S34E9660696
266,2022,Adélaïde,2025,Volvo,XC60,false,ZFBCFABH4FZ048242
267,2022,Kù,2025,Infiniti,G35,true,YV4902DZ8C2474487
268,2022,Mélissandre,2025,Mercedes-Benz,CL-Class,true,1FBSS3BL2AD068937
269,2022,Aurélie,2025,Ford,Laser,false,JN8AZ2KR9ET925520
270,2022,Réservés,2025,Ford,Explorer,true,WBAPK7G59BN654307
271,2022,Daphnée,2025,Ford,Windstar,true,1B3CC1FB9AN452991
272,2022,Cécilia,2025,Chevrolet,3500,true,JN8AS1MU6CM942816
273,2022,Félicie,2025,Ford,Econoline E350,true,3GYFNEEY3AS601768
274,2022,Maëlys,2025,Ferrari,599 GTB Fiorano,true,3C4PDDGG0FT549433
275,2022,Clélia,2025,Honda,CR-V,true,5UXFA935X6L305191
276,2022,Méghane,2025,Toyota,Celica,false,WAUYGBFC4CN491544
277,2022,Maï,2025,Porsche,911,false,5J6YH1H30BL164716
278,2022,Yè,2025,Hyundai,Elantra,false,WAUEG98E36A761076
279,2022,Lauréna,2025,Dodge,Ram 2500,true,WBA3G7C52EK266119
280,2022,Mélanie,2025,Lexus,RX,true,3FAHP0JA3AR876719
281,2022,Cinéma,2025,Lincoln,Continental,true,WBA3B9C54DJ077437
282,2022,Zhì,2025,GMC,Yukon XL 1500,false,WA1CGAFE0CD527061
283,2022,Pål,2025,Mitsubishi,Montero,false,WBAYA6C51DD395439
284,2022,Marie-noël,2025,Chevrolet,Sportvan G30,true,1GYEC63T03R143935
285,2022,Pål,2025,Mitsubishi,Lancer,true,1G6DV8EP6D0479637
286,2022,Personnalisée,2025,Volkswagen,Passat,true,WA1WMAFP9EA460004
287,2022,Loïs,2025,Chevrolet,Express 3500,true,WAUFGBFB5BN261055
288,2022,Thérèsa,2025,Plymouth,Colt Vista,true,WAUKG78E05A516905
289,2022,Noëlla,2025,Chevrolet,Camaro,true,1G6AZ5SX7F0003619
290,2022,Kallisté,2025,Mitsubishi,Eclipse,false,JTEBU4BF3CK702873
291,2022,Judicaël,2025,Toyota,Tacoma,false,WAUMK98K19N130131
292,2022,Östen,2025,Mercedes-Benz,W201,true,1G6DE5EG9A0868735
293,2022,Françoise,2025,Isuzu,Amigo,false,KM8NU4CC2CU115151
294,2022,Kuí,2025,Isuzu,Stylus,false,WUARL48H56K112910
295,2022,Gwenaëlle,2025,Mitsubishi,Lancer,false,3C4PDDDGXDT617478
296,2022,Laïla,2025,GMC,Sierra 3500,true,JN1CV6EK9DM423673
297,2022,Méryl,2025,Infiniti,IPL G,false,WAUDT48H64K375196
298,2022,Mélinda,2025,Honda,Pilot,false,TRUUT28N561608528
299,2022,Laurène,2025,Mercedes-Benz,300SL,true,WA1KK98R59A370971
300,2022,Mélanie,2025,Nissan,NX,true,WAUDH98E78A049195
301,2022,Maëlla,2025,Lincoln,Town Car,true,3D7TT2CT6BG951183
302,2022,Bénédicte,2025,BMW,3 Series,false,5GAKRCKD4FJ702391
303,2022,Eliès,2025,Ford,Escort,true,3N1AB6AP0BL776456
304,2022,Almérinda,2025,GMC,Yukon XL 1500,false,WBA3B9C52EF482281
305,2022,Audréanne,2025,Volkswagen,Passat,true,2C4RDGCGXCR606235
306,2022,Séréna,2025,Chevrolet,Suburban 2500,true,5N1AA0NC3FN600684
307,2022,Anaëlle,2025,Mitsubishi,i-MiEV,true,1HGCP2F35BA479116
308,2022,Ophélie,2025,Hyundai,Elantra,true,1C4SDJCTXFC844319
309,2022,Adélie,2025,Bentley,Arnage,true,WBALM53509E058192
310,2022,Adèle,2025,Cadillac,SRX,false,WA1LGBFE2FD099276
311,2022,Véronique,2025,Lincoln,Continental,false,WAUBF48HX7K703139
312,2022,Örjan,2025,Oldsmobile,Bravada,false,1N6AD0CUXBC833911
313,2022,Ruì,2025,Isuzu,i-350,false,5N1AR1NB5BC437256
314,2022,Mélanie,2025,Volkswagen,Vanagon,false,4T1BD1EB9FU949427
315,2022,Danièle,2025,Hyundai,XG350,true,1G4GD5GG5AF228931
316,2022,Desirée,2025,Ford,Expedition,false,1D7CW3GK8AS528126
317,2022,Cunégonde,2025,Chevrolet,Beretta,true,WAUWFBFL3CA866518
318,2022,Mégane,2025,Toyota,Tacoma,true,WA1LMAFE6BD455452
319,2022,Uò,2025,Dodge,Caravan,false,WBAFR9C51CD692601
320,2022,Léandre,2025,Lexus,GX,false,JN1CV6EK8BM503270
321,2022,Pò,2025,Dodge,Ram,true,3D73M3CL2BG239580
322,2022,Réservés,2025,Ford,Windstar,true,1FAHP3EN6BW581966
323,2022,Zhì,2025,Ferrari,F430,false,1G6AM5SX7D0113307
324,2022,Intéressant,2025,Toyota,4Runner,true,WDDLJ6FB4FA473298
325,2022,Mén,2025,Lotus,Elan,false,JTDZN3EUXEJ104731
326,2022,Eléa,2025,Ford,Escort,false,WBAKG1C57DJ229242
327,2022,Gérald,2025,Maserati,430,true,WAUMV94E08N420138
328,2022,Miléna,2025,Dodge,Daytona,false,2HNYD18283H135109
329,2022,Annotée,2025,Chevrolet,Suburban 1500,true,KNAFT4A26C5082071
330,2022,Maëly,2025,Isuzu,Ascender,false,5UXKR2C59F0170897
331,2022,Méryl,2025,BMW,3 Series,true,1N6AA0CC5DN150117
332,2022,Rébecca,2025,Ford,Thunderbird,false,1FTEW1CM9EK226586
333,2022,Rachèle,2025,Scion,tC,false,5LMJJ2H59AE891089
334,2022,Léane,2025,Nissan,Maxima,false,KNDPB3AC3F7297994
335,2022,Dorothée,2025,Nissan,Quest,false,WDCGG5GB2AF907095
336,2022,Erwéi,2025,Scion,tC,true,5N1BA0ND6FN960979
337,2022,Léonore,2025,Ford,Thunderbird,false,3VWJX7AJ1AM276022
338,2022,Görel,2025,Pontiac,Vibe,true,1N6AA0CH3DN634153
339,2022,Cloé,2025,GMC,Sierra 2500,true,JN1AZ4EH1AM199122
340,2022,Séréna,2025,Hyundai,Sonata,false,WBALW3C52DC931623
341,2022,Mélodie,2025,Dodge,Avenger,false,1G6DE8E50D0341462
342,2022,Vénus,2025,Chevrolet,Suburban 1500,true,19XFB2E56DE377031
343,2022,Maëlyss,2025,Dodge,Challenger,true,19UUA567X1A306457
344,2022,Adèle,2025,Pontiac,Grand Prix,false,WA1EY74LX8D246886
345,2022,Eloïse,2025,BMW,7 Series,false,WAUHF78P98A944572
346,2022,Cécilia,2025,Toyota,Sienna,false,WDDHF2EB3DA909170
347,2022,Célestine,2025,Buick,Rendezvous,false,WAUSF98E57A624504
348,2022,Håkan,2025,GMC,Sierra,true,YV1902FH8D2609650
349,2022,Göran,2025,Scion,tC,true,SCBFU7ZA6EC445869
350,2022,Anaël,2025,Volvo,S80,true,WDDHF7GB6EA316964
351,2022,Publicité,2025,Mercury,Grand Marquis,true,JA32X8HW2AU325379
352,2022,Marie-thérèse,2025,Ford,Mustang,true,1G6DV5EP7A0787278
353,2022,Valérie,2025,Buick,Park Avenue,false,WA1LGAFE0ED854563
354,2022,Miléna,2025,Hyundai,Elantra,false,5GALVCED9AJ739506
355,2022,Marie-thérèse,2025,Volvo,C70,false,KMHGH4JH2DU092368
356,2022,Yénora,2025,Kia,Optima,true,4USBU33588L142560
357,2022,Lorène,2025,Ford,E250,false,1FTWW3B54AE080990
358,2022,Erwéi,2025,Kia,Sedona,true,5LMJJ3H54AE757712
359,2022,Erwéi,2025,Lincoln,Continental,false,WAUWFAFR4DA147732
360,2022,Lèi,2025,GMC,Sierra 2500,false,2T1KU4EE9BC831322
361,2022,Uò,2025,Plymouth,Neon,false,JTHFF2C28F2169261
362,2022,Maéna,2025,Oldsmobile,Achieva,true,WAUDL54F75N242232
363,2022,Ophélie,2025,Mercury,Tracer,true,WAUDL64F55N937816
364,2022,Cécilia,2025,Cadillac,Escalade EXT,true,1G4HP54K924031424
365,2022,Félicie,2025,BMW,7 Series,false,2C3CCAJG3DH263871
366,2022,Nélie,2025,Ford,Fiesta,true,WAUEH74F86N276019
367,2022,Gisèle,2025,Nissan,200SX,true,1FMJK1G55AE026340
368,2022,Personnalisée,2025,Isuzu,Ascender,false,1HGCP2E7XCA621952
369,2022,Mén,2025,Oldsmobile,Aurora,false,3VW1K7AJ4BM781570
370,2022,Ruì,2025,Volkswagen,Touareg,false,1HGCR6F36FA643268
371,2022,Andréanne,2025,Lotus,Elise,false,1N6AA0CC2DN067650
372,2022,Marie-ève,2025,Ford,Econoline E350,false,WBAWB73568P015221
373,2022,Thérèse,2025,Suzuki,Verona,true,1N6AF0KY3FN739880
374,2022,Renée,2025,Oldsmobile,Ciera,true,JN1CV6AP9BM377809
375,2022,Åslög,2025,Ferrari,F430,true,1G4GF5E3XCF091725
376,2022,Yú,2025,Land Rover,Discovery,false,WA1VMAFE7BD746454
377,2022,Marie-josée,2025,Cadillac,STS,false,WAUDG74F29N145929
378,2022,Laurène,2025,Volvo,940,false,WAUHFAFL1AA239672
379,2022,Méthode,2025,Pontiac,Sunfire,true,SCFBB03B97G025241
380,2022,Kallisté,2025,Mercedes-Benz,G-Class,false,3GYFNFE35ES580714
381,2022,Lorène,2025,Maserati,Quattroporte,false,SCFBB04B67G875519
382,2022,André,2025,Mercury,Mariner,true,KMHGH4JH8EU123401
383,2022,Mahélie,2025,Toyota,Land Cruiser,true,5N1BA0NCXFN277786
384,2022,Andrée,2025,Volvo,S90,false,KMHEC4A43DA138696
385,2022,Maëly,2025,Chevrolet,Silverado 1500,true,5UXWX7C54E0338254
386,2022,Marlène,2025,Ford,Five Hundred,true,19XFB2E52EE069596
387,2022,Médiamass,2025,GMC,Acadia,false,JH4CL95974C048386
388,2022,Clélia,2025,Mazda,B-Series,false,2V4RW3D12AR613969
389,2022,Michèle,2025,Chrysler,Cirrus,false,3D7JV1EP8BG904037
390,2022,Anaïs,2025,Chevrolet,Cobalt,false,3D7TT2CT8AG424325
391,2022,Uò,2025,Toyota,Prius,false,WAUAF98E37A634864
392,2022,Maïly,2025,Buick,Estate,false,1GD12YEG6FF127923
393,2022,Thérèsa,2025,Toyota,Celica,false,WDCGG0EB9DG626948
394,2022,Maëly,2025,Mitsubishi,Challenger,false,4A31K2DF1AE860662
395,2022,Géraldine,2025,Chevrolet,Avalanche 2500,false,WBAWL13529P713739
396,2022,Dorothée,2025,Chevrolet,Equinox,true,3C4PDCBB6CT147109
397,2022,Maïwenn,2025,Honda,Element,false,3CZRE3H54BG085413
398,2022,Publicité,2025,Ford,Escort,false,2D4RN5D19AR479148
399,2022,Gaétane,2025,Pontiac,Grand Prix,false,WAUUL78E66A060138
400,2022,Solène,2025,Pontiac,Grand Prix,false,5BZAF0AA0EN652508
401,2022,Anaëlle,2025,Kia,Sorento,true,WAUKF98E37A915468
402,2022,Märta,2025,Lexus,LX,false,KMHHT6KD5CU323434
403,2022,Bérengère,2025,Infiniti,Q,false,WBA3B5G59EN182150
404,2022,Laurélie,2025,Ford,F350,false,1GKKRNED3FJ886703
405,2022,Ruò,2025,Toyota,4Runner,true,1FTWW3DY8AE143452
406,2022,Adélaïde,2025,Lexus,RX,false,WAUBFAFL4DN783554
407,2022,Kallisté,2025,Infiniti,G,true,WBAWV53598P936361
408,2022,Adèle,2025,Toyota,Yaris,true,WBAEW534X5P270171
409,2022,Mélissandre,2025,Honda,Accord,false,1N4AL2AP3CN154556
410,2022,Yóu,2025,Hyundai,Sonata,true,WAUEF48H88K094129
411,2022,Ophélie,2025,Cadillac,XLR,true,1N6AF0KX8FN877230
412,2022,Célestine,2025,Toyota,Highlander,true,1G4HE5EM6AU577442
413,2022,Célia,2025,Infiniti,IPL G,true,SCBBB7ZH7CC549950
414,2022,Régine,2025,Kia,Rio,false,2G4GL5EX7E9189280
415,2022,Börje,2025,Plymouth,Laser,false,1C4RDHAG7CC535805
416,2022,Alizée,2025,Chevrolet,Express 2500,true,1N6AA0CA3EN028727
417,2022,Anaïs,2025,Ferrari,612 Scaglietti,true,WBA3B1C5XFK092071
418,2022,Léone,2025,Land Rover,Defender,false,WAUHF98P76A637801
419,2022,Cloé,2025,GMC,Savana 1500,true,WP0CB2A84FK534669
420,2022,Magdalène,2025,Ford,Bronco,true,WBAWC33508P620955
421,2022,Mélys,2025,Buick,Rendezvous,true,3VW4A7AT9DM060052
422,2022,Yú,2025,Mercury,Milan,true,1G6AH5RX7E0728306
423,2022,Loïca,2025,Toyota,Celica,true,1N6AA0CC3BN141879
424,2022,Océanne,2025,Jeep,Wrangler,false,1G6AA1RX7F0922008
425,2022,Bérénice,2025,Audi,4000s Quattro,true,WAUAF78EX7A066116
426,2022,Léa,2025,Mercury,Mountaineer,false,1C4NJCBA7FD819597
427,2022,Régine,2025,Buick,Century,false,SCBBB7ZH8FC497135
428,2022,Anaé,2025,Mercedes-Benz,300CE,true,JN1AV7AR1FM306950
429,2022,Sòng,2025,Hyundai,Accent,false,WBAVD33566K298681
430,2022,Méghane,2025,Toyota,Tacoma,false,WVWAB7AJ0CW522482
431,2022,André,2025,Maybach,Landaulet,false,WAUPEAFM0BA914145
432,2022,Océane,2025,Audi,A6,false,5N1AR1NB2CC264930
433,2022,Marie-thérèse,2025,Plymouth,Acclaim,true,3N1CE2CP2FL539334
434,2022,Frédérique,2025,Ford,F250,false,KNADH5A30B6681421
435,2022,Mahélie,2025,Land Rover,Discovery,false,JTDKN3DP7F3872816
436,2022,Mén,2025,Pontiac,Safari,true,2T2BC1BA9FC595145
437,2022,Marie-noël,2025,Dodge,Grand Caravan,false,5N1AL0MM9FC369550
438,2022,Laurélie,2025,Honda,Accord,false,WAUDFAFL5EN124084
439,2022,Bénédicte,2025,Isuzu,i-Series,true,SCBET9ZA2F8885392
440,2022,Yénora,2025,Land Rover,Discovery,false,1D7RV1CT8BS535031
441,2022,Estée,2025,Subaru,SVX,true,1D4PT2GK5AW346507
442,2022,Méryl,2025,Toyota,RAV4,true,WBA3A9C51FK342279
443,2022,Béatrice,2025,Kia,Rio,true,5TFAW5F19FX985365
444,2022,Cloé,2025,Chrysler,Cirrus,false,WAUUL78E48A979946
445,2022,Håkan,2025,Volvo,S60,false,WAUSG78E26A751212
446,2022,Gwenaëlle,2025,Pontiac,Turbo Firefly,false,WAUEFBFL9EN625151
447,2022,Léane,2025,Mazda,MX-6,true,JH4DC53045S676821
448,2022,Mélinda,2025,Chevrolet,S10,false,SCBCR63WX6C905703
449,2022,Irène,2025,Bentley,Arnage,false,WVWED7AJ6DW359155
450,2022,Maïté,2025,Saturn,VUE,false,5UXFE43527L496517
451,2022,Maï,2025,Mercedes-Benz,E-Class,false,SCFFDECN5CG238460
452,2022,Marie-josée,2025,Buick,Estate,true,SCFEBBBC0AG589189
453,2022,Cécilia,2025,Ford,Club Wagon,true,1C4RDJAG4EC883880
454,2022,Léonore,2025,Buick,Park Avenue,false,1G6AD5SX3D0529063
455,2022,Tú,2025,Porsche,Cayman,false,WAUXG94F19N811185
456,2022,Léonie,2025,Chrysler,Cirrus,true,19UUA66258A868352
457,2022,Håkan,2025,Mercedes-Benz,300CE,false,1GYS3KEF2CR712402
458,2022,Annotée,2025,Subaru,BRZ,true,5N1AR2MM1FC719814
459,2022,Adélie,2025,Mitsubishi,Galant,true,2G4WE537051822807
460,2022,Joséphine,2025,Infiniti,QX,true,SCFBF03B98G149273
461,2022,Mélissandre,2025,Plymouth,Breeze,false,4T1BK1EB6EU011437
462,2022,Aurélie,2025,Ford,Econoline E150,false,JN1CV6FE6FM681113
463,2022,Félicie,2025,Chevrolet,Silverado 2500,true,3N1AB6AP5AL385396
464,2022,Maéna,2025,Chevrolet,Sonic,false,1GYS4AKJ0FR894038
465,2022,Aurélie,2025,Chrysler,300,false,WAUBNAFB0BN145342
466,2022,Mélina,2025,Toyota,T100 Xtra,true,1G6DF8E58D0103873
467,2022,Pål,2025,Lincoln,MKX,false,WBAUN7C51BV507947
468,2022,Maëlyss,2025,Infiniti,QX,true,SCBCR7ZA4AC419818
469,2022,Pål,2025,Subaru,Outback,false,WAULF98KX9N818614
470,2022,Edmée,2025,Infiniti,M,true,1C6RD7JT6CS195941
471,2022,Cécilia,2025,Land Rover,Range Rover,false,WVGAV7AXXCW314973
472,2022,Yú,2025,Mazda,MX-5,false,1G6DK5E34C0146047
473,2022,Jú,2025,Ford,Mustang,false,WVGAV7AX6CW511333
474,2022,Thérèsa,2025,Chevrolet,Cavalier,true,ML32A3HJ7EH481199
475,2022,Bérangère,2025,Mitsubishi,Montero,true,WAULT58E55A089676
476,2022,Annotés,2025,Ferrari,F430,false,ML32A3HJ1FH946822
477,2022,Marie-ève,2025,GMC,Envoy XUV,true,2G4GR5ERXD9701659
478,2022,Mén,2025,Dodge,Ram Van 1500,true,5NPDH4AEXFH446681
479,2022,Marylène,2025,Lamborghini,Reventón,true,WAULC68E35A813158
480,2022,Daphnée,2025,Dodge,Stratus,true,WUARL48HX5K870000
481,2022,Eléa,2025,Lexus,LS,true,3N1CN7AP0EK477582
482,2022,Naéva,2025,GMC,Envoy XUV,true,1G6KH5EY4AU469537
483,2022,Maëlle,2025,Subaru,Legacy,false,WAUDG68E45A555337
484,2022,Mélina,2025,Volkswagen,Touareg,false,1FTEW1E87AK161828
485,2022,André,2025,Toyota,Highlander,true,JTEBU5JR9E5412169
486,2022,Michèle,2025,Chevrolet,Silverado,true,2HNYD18213H697417
487,2022,Fèi,2025,Honda,Prelude,false,1G6DV8EP8E0314657
488,2022,Lén,2025,Mercedes-Benz,S-Class,true,3N1AB6AP3CL580822
489,2022,Salomé,2025,Mercedes-Benz,S-Class,true,1G4PP5SK2C4920954
490,2022,Camélia,2025,Maserati,Biturbo,true,19UUB3F79FA141851
491,2022,Maïté,2025,BMW,Z4,true,WBS3C9C57FP660805
492,2022,Marie-josée,2025,Lexus,HS,true,1GYS4JEF5BR181315
493,2022,Bérangère,2025,Lotus,Esprit,false,2HNYD18461H281488
494,2022,Audréanne,2025,Dodge,Ram 2500,true,WUAW2AFC8EN482807
495,2022,Marylène,2025,BMW,X6,true,3VWML7AJ1BM612777
496,2022,Lóng,2025,Mercedes-Benz,R-Class,true,1GD312CG4CF462394
497,2022,Ruò,2025,Porsche,944,false,WDDPK4HA6EF291983
498,2022,Cloé,2025,Chrysler,Town & Country,true,JN8AE2KP6C9039336
499,2022,Wá,2025,Pontiac,Firebird Formula,false,JHMZF1C69CS394231
500,2022,Magdalène,2025,Kia,Optima,true,19VDE1F30DE044905
501,2022,Åslög,2025,Cadillac,Escalade ESV,true,3VW4A7AT6DM831809
502,2022,Inès,2025,Chevrolet,Cavalier,false,WBA3C3G55EN139197
503,2022,Lóng,2025,Volvo,S80,true,1FTEX1CM6CF643795
504,2022,Loïs,2025,GMC,Sierra 2500,false,3LN6L2LU3ER496801
505,2022,Gaïa,2025,Chrysler,Town & Country,false,WA1CFBFP5CA167006
506,2022,Fèi,2025,Ford,Escort ZX2,false,2T1KE4EE0DC276258
507,2022,Estève,2025,Chevrolet,2500,false,2C3CDYBT4EH198726
508,2022,Maëlys,2025,Chevrolet,Blazer,true,3VWML7AJ1CM046752
509,2022,Bénédicte,2025,Infiniti,EX,false,JTDKDTB39C1419484
510,2022,Bérengère,2025,Ford,F150,false,JHMFB4F20CS860301
511,2022,Mélissandre,2025,Lincoln,Continental Mark VII,true,YV1672MKXC2931556
512,2022,Léonie,2025,Jensen,Interceptor,false,3C63D3JL9CG331856
513,2022,Adélaïde,2025,Mitsubishi,Truck,true,JHMZE2H36CS300717
514,2022,Maëlys,2025,Chrysler,PT Cruiser,true,WA1C8AFP7DA900520
515,2022,Kuí,2025,Chevrolet,Suburban 1500,false,1G6DW67V180488507
516,2022,Dafnée,2025,Chevrolet,Impala,true,1FTEX1E87AF901402
517,2022,Åke,2025,Honda,Prelude,false,1G4PP5SK4C4027281
518,2022,Bérengère,2025,Mercedes-Benz,CL-Class,true,5TFBW5F10BX066241
519,2022,Naéva,2025,Ford,Club Wagon,false,WDDEJ7KB5BA271486
520,2022,Ruò,2025,Nissan,Xterra,false,19UUA65515A459353
521,2022,Océane,2025,Mazda,Familia,true,WBA3R1C53FK563246
522,2022,Alizée,2025,Volvo,V50,false,WBANV13519B797538
523,2022,Tú,2025,Buick,Roadmaster,false,WBA3A9C52EF985151
524,2022,Kuí,2025,Jeep,Grand Cherokee,false,WAU2GAFC8FN532424
525,2022,Loïs,2025,Ford,Focus,true,2LMHJ5AT9EB582126
526,2022,Yè,2025,Toyota,Avalon,false,5N1AA0NEXEN693610
527,2022,Mélina,2025,Ford,F-Series,false,2HNYD18806H647536
528,2022,Liè,2025,Volkswagen,Fox,false,WP0AB2A92AS315511
529,2022,Faîtes,2025,Subaru,B9 Tribeca,true,JM3TB2MA2A0462185
530,2022,Maëlyss,2025,Dodge,Durango,false,JN8AS5MT4DW012756
531,2022,Yénora,2025,Pontiac,Sunbird,false,SAJWA4GC4EM243293
532,2022,Mahélie,2025,Pontiac,Grand Prix,false,WAUEF48H47K584825
533,2022,Josée,2025,BMW,5 Series,false,WBAYA6C54FD024889
534,2022,Renée,2025,Mitsubishi,GTO,false,3N1AB6AP1BL471550
535,2022,Fèi,2025,Nissan,Sentra,true,WBA3A5C51FF025443
536,2022,Lén,2025,Chevrolet,Cavalier,true,WBAEN33404E468534
537,2022,Andréa,2025,Chevrolet,Tahoe,false,3VWKX7AJ7CM892282
538,2022,Médiamass,2025,Lexus,LX,true,KMHCT4AE4EU175076
539,2022,Françoise,2025,Oldsmobile,Intrigue,false,WAULD64B94N021189
540,2022,Jú,2025,Ford,Mustang,true,1FTSW2B57AE094116
541,2022,Bérénice,2025,Dodge,Ram 2500,true,3D73Y3HL5BG209325
542,2022,Irène,2025,Audi,80,false,5TFCM5F11AX189734
543,2022,Anaël,2025,Dodge,Ram 2500,true,WP0CA2A80AS689909
544,2022,Solène,2025,GMC,Rally Wagon 3500,true,WBAGN83544D563120
545,2022,Östen,2025,Ford,F-Series,false,JN8AF5MR6FT733674
546,2022,Lorène,2025,Mitsubishi,Mirage,false,WBA3D5C54EF182034
547,2022,Angélique,2025,Mercury,Sable,true,WAUAT48H33K324157
548,2022,Åslög,2025,Hyundai,Elantra,true,JTJBM7FX2A5186684
549,2022,Léa,2025,Lexus,SC,true,3C4PDDAG5FT735641
550,2022,Lyséa,2025,Mercury,Sable,false,KNDJT2A14A7540118
551,2022,Kuí,2025,Volkswagen,New Beetle,false,WAULF78K79N652489
552,2022,Laurélie,2025,Ford,Flex,true,WAUBFBFL6AN766563
553,2022,Vérane,2025,Volkswagen,Routan,false,WAUWG94F59N638377
554,2022,Cinéma,2025,Ford,LTD,false,5N1AR2MM1FC339484
555,2022,Ruì,2025,MINI,Cooper,false,WP0CB2A86CS546379
556,2022,Maïlys,2025,Volkswagen,New Beetle,true,KMHHU6KJ7FU217185
557,2022,Léonie,2025,Lincoln,Mark VII,false,1GYFC56239R231453
558,2022,Magdalène,2025,Honda,Prelude,false,KM8JT3AB5DU321636
559,2022,Océane,2025,Mercury,Lynx,false,WBAGN63584D792291
560,2022,Méthode,2025,Toyota,Corolla,false,WAUVFAFR9BA516769
561,2022,Thérèse,2025,Chevrolet,Suburban 2500,true,JTMHY7AJXD4937738
562,2022,Adélaïde,2025,Toyota,Sienna,true,WP0AB2A98BS670801
563,2022,Léone,2025,Dodge,Dynasty,true,3GYT4NEF6DG103981
564,2022,Valérie,2025,Chevrolet,Camaro,false,1N4AB7AP9DN625563
565,2022,Mylène,2025,Pontiac,Bonneville,true,SCFEFBBC8AG048802
566,2022,Médiamass,2025,Audi,S4,true,1G6DK5ED5B0361900
567,2022,Kallisté,2025,Lexus,GS,true,1G6DL5EV4A0474483
568,2022,Mélodie,2025,Infiniti,J,true,WBSWL9C55AP370276
569,2022,Lài,2025,MINI,Clubman,true,19UYA42463A249636
570,2022,Miléna,2025,Mazda,Protege,false,19XFA1F30AE512963
571,2022,Sòng,2025,Toyota,Corolla,true,2HNYD18824H094160
572,2022,Cécilia,2025,GMC,Sierra 3500,false,WDDUG7GBXFA382415
573,2022,Pélagie,2025,Kia,Mentor,false,1GYFC56209R558389
574,2022,Alizée,2025,Lexus,LX,false,YV126MFCXF2943049
575,2022,Eugénie,2025,Ford,Aerostar,true,WAUVT64B83N423036
576,2022,Hélèna,2025,Subaru,Legacy,true,2B3CA8CT7AH356216
577,2022,Erwéi,2025,Cadillac,CTS-V,true,1G6KE54Y83U273131
578,2022,Marie-josée,2025,Dodge,Ram Van 3500,true,3VWML7AJ0DM060398
579,2022,Françoise,2025,Chevrolet,Caprice Classic,true,4T1BF1FK6FU070055
580,2022,Loïca,2025,Subaru,Outback,false,WAUEH78E76A923891
581,2022,Célia,2025,Chrysler,Crossfire,false,WVGEG9BP3DD626751
582,2022,Björn,2025,Mitsubishi,Montero Sport,false,19UUA8F76CA515831
583,2022,Océanne,2025,Audi,S4,true,1G4GB5GG5AF936490
584,2022,Illustrée,2025,Dodge,D250 Club,false,WBAKF3C58BE963957
585,2022,Tán,2025,GMC,Suburban 1500,false,WAUDFAFL6CA523252
586,2022,Lèi,2025,Toyota,Camry,true,WBAUN1C50BV995396
587,2022,Desirée,2025,Mercury,Topaz,true,YV4902DZXC2354450
588,2022,Pélagie,2025,Cadillac,Seville,false,2G4GP5EX3F9449955
589,2022,Maëlyss,2025,Toyota,Celica,true,WAUPFAFM6CA246690
590,2022,Océane,2025,Volvo,S90,true,1G4PR5SK7D4904275
591,2022,Hélène,2025,Honda,Prelude,true,WAUEH78E18A038136
592,2022,Tán,2025,Chevrolet,3500,true,3D73Y4CL6AG399423
593,2022,Rébecca,2025,Mercury,Topaz,false,19XFA1F23AE615723
594,2022,Örjan,2025,Honda,del Sol,true,WBAEN33444P614907
595,2022,Aloïs,2025,Mercedes-Benz,C-Class,false,WBAPN7C51BA935182
596,2022,Yè,2025,Isuzu,Axiom,true,3D4PH7FG9BT754348
597,2022,Judicaël,2025,Saab,9-3,true,3VW507AT7FM619303
598,2022,Táng,2025,Audi,TT,true,1G6DX6ED3B0965940
599,2022,Athéna,2025,Volkswagen,Touareg,false,1G6AR5SX3E0724826
600,2022,Océane,2025,Dodge,Ram 1500,false,19UUA75598A184194
601,2022,Yénora,2025,Ford,E350,true,JM1NC2LF4E0063554
602,2022,Méng,2025,Honda,Element,true,WAULFAFH4BN337837
603,2022,Desirée,2025,Pontiac,Firefly,true,3VW4T7AT3EM913489
604,2022,Chloé,2025,Maserati,Gran Sport,true,1FADP5BU7DL815851
605,2022,Françoise,2025,Ford,Escort,true,WBADN63473G864024
606,2022,Kù,2025,Mercury,Sable,true,WAUPEAFM8CA552938
607,2022,Réjane,2025,Toyota,Land Cruiser,true,2T1KU4EE9BC790285
608,2022,Håkan,2025,GMC,Sierra 2500,true,SCFFDCBD6BG423564
609,2022,Daphnée,2025,Mazda,B-Series,false,4T1BD1FK3CU037449
610,2022,Kallisté,2025,Chevrolet,Sportvan G20,true,3TMJU4GN8FM933636
611,2022,Björn,2025,Land Rover,LR3,false,YV1982BW0A1060833
612,2022,Yóu,2025,Volkswagen,GTI,true,5NPDH4AE5CH660229
613,2022,Mélia,2025,Volkswagen,Type 2,false,4T1BD1EB7EU945892
614,2022,Björn,2025,Chevrolet,Express 2500,true,YV4902DZ7D2083848
615,2022,Anaël,2025,Mercedes-Benz,SL-Class,false,JH4KC1F35EC645190
616,2022,Dorothée,2025,Hyundai,Veloster,false,WBAEJ13472A083119
617,2022,Anaëlle,2025,Ford,Econoline E250,false,1GKS1FEJ5CR706475
618,2022,Solène,2025,Toyota,Previa,true,JN8AF5MR4CT768614
619,2022,Cinéma,2025,Toyota,Yaris,false,WAUNG74F99N982083
620,2022,Léa,2025,Mazda,Navajo,false,JN8AZ1MU3CW103125
621,2022,Yè,2025,Chrysler,Town & Country,true,WAUSH78E87A450846
622,2022,Annotés,2025,Subaru,Impreza,false,YV4852CZ8B1180428
623,2022,Mélanie,2025,Chevrolet,S10,false,1D7CE3BK3AS872814
624,2022,Lauréna,2025,Volkswagen,Golf III,true,2B3CJ5DT2BH505467
625,2022,Cléa,2025,Ford,Econoline E150,true,1GT01ZCG5CF291154
626,2022,Célestine,2025,Isuzu,Trooper,true,WAUAC48H23K744220
627,2022,Maïwenn,2025,Porsche,Boxster,true,5GADV33L56D621196
628,2022,Eloïse,2025,Mercedes-Benz,R-Class,true,JM1NC2JF1D0388924
629,2022,Réjane,2025,Maybach,62,false,WBAVL1C56EV553043
630,2022,Frédérique,2025,Volkswagen,Golf,true,3VWML7AJ5CM968506
631,2022,Léone,2025,BMW,7 Series,true,WP0AA2A99ES727126
632,2022,Bérangère,2025,Infiniti,FX,false,WAUEKAFB8AN614360
633,2022,Anaïs,2025,Cadillac,Escalade ESV,true,5J6TF1H33AL198311
634,2022,Rachèle,2025,Chevrolet,Impala,false,WBA3B9C54EP375050
635,2022,Aurélie,2025,GMC,Jimmy,true,1G6KF54972U247964
636,2022,Pélagie,2025,Land Rover,Freelander,false,WBA3B3G59FN059258
637,2022,Andréanne,2025,Dodge,Challenger,true,JN1AZ4EHXCM392260
638,2022,Hélène,2025,Chrysler,Town & Country,false,WVGFF9BP5BD785310
639,2022,Miléna,2025,Dodge,Ram,true,3C3CFFCR3ET243843
640,2022,Marie-noël,2025,Toyota,Camry,true,2B3CL3CG7BH152307
641,2022,Gérald,2025,Maserati,Coupe,false,1FTEX1C83AF636142
642,2022,Lyséa,2025,Mazda,B-Series Plus,true,2HNYD187X4H211054
643,2022,Loïs,2025,Hyundai,Sonata,true,3VWKX7AJ8CM584781
644,2022,Rébecca,2025,Mercedes-Benz,500E,false,5N1AR2MM7FC143775
645,2022,Adélie,2025,Nissan,350Z,false,1G4HK5ESXBU815026
646,2022,Maëlys,2025,Audi,A3,true,WAUDH74F47N650915
647,2022,Nélie,2025,Infiniti,G,false,3C63DRLL6CG858835
648,2022,Cléa,2025,Volkswagen,Scirocco,false,5UXKR0C58F0345600
649,2022,Néhémie,2025,Acura,RSX,true,1G6AH5SX1E0157227
650,2022,Marie-noël,2025,Chevrolet,Impala,true,WBAVB33586K636376
651,2022,Maëlyss,2025,Kia,Rio,true,1N4AL2AP5CN102507
652,2022,Lài,2025,Bugatti,Veyron,true,KMHEC4A44FA018232
653,2022,Mélys,2025,Toyota,Highlander,true,WAUDFAFL2DA679595
654,2022,Bécassine,2025,GMC,Suburban 2500,true,WAUCFAFCXEN457487
655,2022,Mårten,2025,Chrysler,Concorde,true,JM1NC2JF9C0861239
656,2022,Marie-thérèse,2025,Buick,Lucerne,false,YV4902DZ1E2554877
657,2022,Néhémie,2025,GMC,Suburban 1500,true,3C4PDCDG6FT172346
658,2022,Loïca,2025,Mazda,Mazda5,true,WBAEV534X2K430352
659,2022,Gaïa,2025,Acura,CL,false,SCFBF03B88G377605
660,2022,Marie-ève,2025,Volvo,V70,false,KL4CJFSB9DB063565
661,2022,Naéva,2025,Mazda,Miata MX-5,true,1G4CU541524613188
662,2022,Mélinda,2025,Porsche,911,true,WAUAVAFD8BN075621
663,2022,Garçon,2025,Porsche,Boxster,false,WA1AY94L49D101791
664,2022,Maëlla,2025,Honda,CR-V,false,5GAKRBEDXBJ984469
665,2022,Clémence,2025,GMC,Sierra 2500,false,WAUGL98E36A365749
666,2022,Valérie,2025,Toyota,Tercel,true,WBXPA93426W983190
667,2022,Crééz,2025,Mercury,Grand Marquis,false,KNAFT4A26D5556523
668,2022,Cinéma,2025,Nissan,Frontier,false,SAJWA1CB9CL030368
669,2022,Jú,2025,Subaru,Alcyone SVX,true,5NPDH4AE8FH278801
670,2022,Solène,2025,Bentley,Arnage,true,WBADS33442G250800
671,2022,Méline,2025,Mercury,Grand Marquis,false,WA1VGBFP4EA664508
672,2022,Dà,2025,MINI,Cooper Clubman,false,1C4RDHAG8DC637003
673,2022,André,2025,Plymouth,Voyager,true,WBABN33492P190222
674,2022,Nélie,2025,Chevrolet,Suburban 2500,true,1G6DL67A580497362
675,2022,Maïté,2025,Dodge,Dakota,true,1GYS3BEF0ER917557
676,2022,Régine,2025,Mercedes-Benz,SL65 AMG,true,KMHFC4DD4AA355413
677,2022,Anaé,2025,Ford,Mustang,false,3C3CFFDR8DT348861
678,2022,Stévina,2025,Mercury,Capri,false,JH4CL96847C721760
679,2022,Céline,2025,Chevrolet,Avalanche 2500,false,WAUDFAFC9CN173432
680,2022,Hélène,2025,Ford,F-Series,true,1G6AB5S34E0107128
681,2022,Clémence,2025,Porsche,Boxster,false,JTDKN3DPXF3446053
682,2022,Gösta,2025,Isuzu,Space,true,WVGAV7AX9FW451147
683,2022,Lyséa,2025,GMC,Safari,true,5J8TB1H20CA697317
684,2022,Mén,2025,Mitsubishi,Pajero,false,1GT010CG9CF787361
685,2022,Görel,2025,Acura,TSX,true,1C6RD7JT2CS495248
686,2022,Sòng,2025,Mercedes-Benz,SLK-Class,true,JN8AZ2KR2ET314941
687,2022,Célia,2025,Buick,Roadmaster,false,YV4902BZ4B1711337
688,2022,Maëlle,2025,Lexus,LS,false,2HNYD28718H495573
689,2022,Görel,2025,Chevrolet,Express 3500,true,1C3CDZAB2DN027445
690,2022,Valérie,2025,Chevrolet,Beretta,false,19XFB2E57EE053717
691,2022,Desirée,2025,Chevrolet,2500,false,WAUDN74F88N056791
692,2022,Clémence,2025,Chevrolet,Express 1500,true,WDDGF4HB8ER946527
693,2022,Anaël,2025,Chevrolet,Suburban 2500,true,WAUAF98E36A746417
694,2022,Hélène,2025,Lexus,LS,false,2T1KU4EE6BC762573
695,2022,Aimée,2025,Mazda,Protege,false,3C4PDDBG4CT100355
696,2022,Åslög,2025,Chevrolet,Silverado 1500,false,WP0AA2A86CU697575
697,2022,Léa,2025,Isuzu,Trooper,true,WBA3N3C51FF257467
698,2022,Ruì,2025,Mazda,626,true,WBANA73505B149536
699,2022,Céline,2025,Mazda,B-Series,true,JM3TB2BA3D0012116
700,2022,Fèi,2025,Buick,Riviera,false,1N4AB7AP4DN747117
701,2022,Pélagie,2025,Chevrolet,Tracker,false,3GYFNEE32FS577958
702,2022,Bécassine,2025,Suzuki,Swift,true,WBABN53432J858269
703,2022,Pélagie,2025,Buick,Park Avenue,false,19UUA65596A462468
704,2022,Ophélie,2025,Buick,Rainier,true,5UXFB33582L344592
705,2022,Dù,2025,Mercury,Mountaineer,true,1G6DJ1E39D0079412
706,2022,Léana,2025,Acura,RL,true,1G4PT5SV7E4671995
707,2022,Kuí,2025,Lotus,Exige,false,1FTNS2EWXAD740493
708,2022,Océane,2025,Cadillac,Escalade EXT,false,5YMGZ0C53AL866276
709,2022,Solène,2025,Toyota,TundraMax,true,2HNYD2H28CH210574
710,2022,Méline,2025,Infiniti,Q,false,1N6BF0KL2FN713960
711,2022,Béatrice,2025,Nissan,Titan,false,1G6AH5RX9F0429627
712,2022,Gérald,2025,Ford,Falcon,true,WBAUN7C59CV594174
713,2022,Léonore,2025,Chrysler,Sebring,false,1C3BC1FB3BN984298
714,2022,Cloé,2025,Jaguar,X-Type,false,JN8AZ2KR0AT113890
715,2022,Lyséa,2025,Buick,Century,true,3C6JD7EP4CG901046
716,2022,Mélia,2025,Mazda,MX-5,true,WA1DMAFP6FA906926
717,2022,Renée,2025,Cadillac,STS-V,true,WDDGF4HB8DR313427
718,2022,Séréna,2025,Subaru,Baja,true,1G6KF57975U376819
719,2022,Méline,2025,Hyundai,Accent,false,WBA6B2C51FG161333
720,2022,Angèle,2025,Mitsubishi,Montero,true,1N6AA0CC5CN727338
721,2022,Josée,2025,Hyundai,Tiburon,true,WBAUP9C51AV023572
722,2022,Mélia,2025,GMC,Envoy,true,5J6TF2H52DL017386
723,2022,Mélissandre,2025,Audi,S4,true,SCFAD02E89G056808
724,2022,Publicité,2025,Nissan,Frontier,true,2HNYB1H20AH700035
725,2022,Bérengère,2025,Chevrolet,Cavalier,true,5NPEB4ACXCH425507
726,2022,Lèi,2025,Dodge,Stratus,true,KNALN4D70F5634348
727,2022,Mélinda,2025,Dodge,Ram,true,1GKUCFDJXAR673233
728,2022,Fèi,2025,Subaru,Impreza,true,WBASP2C55DC099018
729,2022,Mélia,2025,Chrysler,Sebring,false,1GYS4HKJXFR935378
730,2022,Angèle,2025,Toyota,MR2,true,WBAPK73519A264163
731,2022,Audréanne,2025,Mercedes-Benz,CL-Class,true,WAUKH78E08A459476
732,2022,Pénélope,2025,Nissan,Xterra,false,JH4CU25669C617598
733,2022,Yénora,2025,Chevrolet,2500,false,1C3CDZBG2DN097814
734,2022,Marie-françoise,2025,Pontiac,Grand Prix,true,SAJWA4GB3EL749369
735,2022,Andréa,2025,Ford,Econoline E250,true,WDDGF4HB8DA045347
736,2022,Maïlis,2025,Porsche,928,true,JN1BJ0HPXDM963254
737,2022,Josée,2025,Ford,Thunderbird,true,1FBNE3BLXBD467391
738,2022,Bécassine,2025,BMW,7 Series,true,1C3CDZEG6CN432230
739,2022,Wá,2025,Lexus,LX,false,JN1CV6FE8DM882458
740,2022,Angélique,2025,Honda,Odyssey,true,1D7RV1CTXBS066248
741,2022,Estée,2025,Ford,Thunderbird,true,KNAGM4AD2E5212434
742,2022,Kù,2025,Oldsmobile,Achieva,true,3D73M4CL4AG291653
743,2022,Cécilia,2025,Ferrari,430 Scuderia,false,3N1AB7AP1FL057048
744,2022,Sòng,2025,Kia,Sorento,true,5J8TB4H32EL816969
745,2022,Andréa,2025,Hyundai,Accent,true,1G6KD57Y63U749021
746,2022,Åslög,2025,Dodge,Ram Van 2500,false,19UUA75667A405385
747,2022,Göran,2025,Volvo,S60,false,WAUJC68E25A254841
748,2022,André,2025,Ford,C-MAX Hybrid,true,WP0AB2A86CU189636
749,2022,Lài,2025,Chevrolet,TrailBlazer,true,WBA3C3C5XFK159616
750,2022,Zoé,2025,Maserati,Coupe,true,WAULL44EX6N729844
751,2022,Audréanne,2025,Lotus,Esprit,false,KMHTC6AD5EU303683
752,2022,Simplifiés,2025,Mercury,Tracer,true,JN1CV6FE8AM638563
753,2022,Michèle,2025,Pontiac,Solstice,false,1GYS3EEJ8DR240391
754,2022,Sòng,2025,Subaru,Outback,false,JN8AF5MR7ET732399
755,2022,Pénélope,2025,Lotus,Elise,true,WAUDH94F67N191544
756,2022,Intéressant,2025,Mitsubishi,Galant,true,WAULVBFR9CA493155
757,2022,Åsa,2025,Honda,S2000,true,JM1NC2PF8E0136659
758,2022,Mégane,2025,Ford,F-Series,true,WP0AA2A97BS179896
759,2022,Régine,2025,GMC,Sonoma Club Coupe,false,1G6AH5S3XE0008912
760,2022,Maëline,2025,BMW,M3,true,WBABW53456P386365
761,2022,Mylène,2025,Dodge,Grand Caravan,false,SALVN2BG7EH846561
762,2022,Méghane,2025,Pontiac,Grand Am,false,1G6DL8EY9B0163015
763,2022,Almérinda,2025,Plymouth,Breeze,true,5UXZV4C52DL867698
764,2022,Simplifiés,2025,Saab,9-3,false,YV1672MK8D2706988
765,2022,Fèi,2025,Chevrolet,2500,false,1FTEX1E82AK642454
766,2022,Solène,2025,Mercury,Cougar,true,WAULC68E54A272337
767,2022,Miléna,2025,Bentley,Continental Super,false,1D7RW2BK0AS103236
768,2022,Frédérique,2025,Lamborghini,Murciélago,true,1GYS4BEF0DR763458
769,2022,Lyséa,2025,Pontiac,Firebird,true,4USBT53403L056688
770,2022,Jú,2025,Mercedes-Benz,C-Class,false,JN1CV6EL1EM112717
771,2022,Marie-thérèse,2025,Suzuki,Sidekick,true,1G6DM1ED0B0911359
772,2022,Marie-ève,2025,Saab,9000,false,WAUPN94E69N518881
773,2022,Táng,2025,Mercedes-Benz,GLK-Class,false,1GD021EG5FZ432847
774,2022,Kallisté,2025,Volkswagen,Rabbit,false,WBA3R1C50EK909333
775,2022,Salomé,2025,Volkswagen,GLI,true,WBAGL83565D195708
776,2022,Cléopatre,2025,Suzuki,Grand Vitara,false,WAUFFBFL7BN241546
777,2022,Gösta,2025,Acura,RDX,false,WAUGGBFC8CN194112
778,2022,Clémence,2025,Pontiac,Monterey,false,WAUHMBFC8EN005409
779,2022,Sélène,2025,Toyota,Celica,false,1FTSW2A55AE949137
780,2022,Mén,2025,Jeep,Patriot,true,JN8AF5MRXET016824
781,2022,Laurène,2025,Mercury,Mountaineer,false,WDDGF4HB1CA796286
782,2022,Publicité,2025,Mercedes-Benz,SLK-Class,false,JN8AZ2KR6BT411250
783,2022,Maïté,2025,Ford,Escort,false,1G4CW54K034176026
784,2022,Mélodie,2025,Ford,F350,true,1GYEK63N16R641456
785,2022,Maëline,2025,Chevrolet,Malibu,false,SCFFDABE7CG032566
786,2022,Béatrice,2025,Ford,Transit Connect,true,1G6DP577X50692663
787,2022,Mén,2025,Toyota,Tacoma,true,WAUEFAFL3EA229251
788,2022,Anaëlle,2025,Suzuki,Verona,true,WDDPK4HA0DF146999
789,2022,Maïté,2025,Mercury,Sable,true,WBAEV33453P958292
790,2022,Yú,2025,Infiniti,G,false,WBANV93559C669733
791,2022,Lén,2025,BMW,5 Series,false,JN1AY1AP6BM013400
792,2022,Nadège,2025,Volvo,S40,false,WAULD64B82N365853
793,2022,Mén,2025,Pontiac,Firebird,true,WBAVC73507A254077
794,2022,Mélys,2025,Ford,F150,true,1YVHZ8BH5C5571575
795,2022,Ruò,2025,Subaru,Baja,false,YV1672MC3BJ259692
796,2022,Kévina,2025,Chevrolet,Traverse,false,1GTN1UEH9FZ003007
797,2022,Séréna,2025,Subaru,Forester,true,WDDGF4HB1DF245196
798,2022,Léone,2025,Volvo,V70,true,1G4HR54K12U838966
799,2022,Chloé,2025,Isuzu,Amigo,false,1G6KE54Y65U169871
800,2022,Marie-hélène,2025,Chevrolet,Malibu,false,1GYFC53239R408541
801,2022,Kévina,2025,Volvo,XC90,true,19UUA8F25DA259669
802,2022,Gösta,2025,Acura,MDX,true,WVGFF9BPXBD905232
803,2022,Eliès,2025,Toyota,Celica,true,5GAKRCED1BJ728047
804,2022,Maëlyss,2025,Ford,Escort,false,2G4WC552X71422182
805,2022,Mégane,2025,GMC,Sonoma,true,WBAPT7C59AC092616
806,2022,Adèle,2025,Mazda,Mazda3,false,2T1BURHE1EC633153
807,2022,Andréanne,2025,Ford,Flex,true,WAUUL78E58A624039
808,2022,Clélia,2025,Bentley,Continental,false,WAULC58E62A720849
809,2022,Illustrée,2025,Dodge,Ram 2500,false,WAUKF78P39A135771
810,2022,Mahélie,2025,Pontiac,Bonneville,true,WBSPM9C59BE626577
811,2022,Edmée,2025,Mercedes-Benz,M-Class,false,3C6JD6DT0CG909945
812,2022,Ophélie,2025,Nissan,Maxima,true,JM1DE1HY8B0533008
813,2022,Nélie,2025,Rolls-Royce,Phantom,true,WBALM7C5XCE494423
814,2022,Marie-ève,2025,Lexus,ES,true,1G6KD57Y66U948039
815,2022,Börje,2025,Mazda,Miata MX-5,false,WA1EV74L28D673827
816,2022,Clémentine,2025,Suzuki,Grand Vitara,false,1C3BC2FB1BN788656
817,2022,Josée,2025,Honda,CR-V,false,WA1LMAFE9AD188094
818,2022,Laurélie,2025,Morgan,Aero 8,true,WAUAFAFL6CN692439
819,2022,Gaétane,2025,BMW,5 Series,true,KMHHT6KD0EU541624
820,2022,Cléa,2025,GMC,Vandura 3500,true,KL4CJCSB7EB821757
821,2022,Naëlle,2025,Isuzu,Amigo,true,WP1AA2A21DL453203
822,2022,Kuí,2025,Suzuki,Grand Vitara,false,JH4CU2F67CC932500
823,2022,Mélinda,2025,Dodge,D150 Club,true,TRUWT28NX31436940
824,2022,Cunégonde,2025,Pontiac,Firebird,false,1FMCU0F77EU069881
825,2022,Léonore,2025,Ford,F250,false,WAUAGAFD0DN823856
826,2022,Léonore,2025,Honda,Accord,true,1C3BC4EB2AN842140
827,2022,Crééz,2025,Mitsubishi,Galant,true,2G61U5S32D9955488
828,2022,Mélissandre,2025,Honda,Civic,true,WAU4FAFL8BA352454
829,2022,Ruì,2025,Lexus,GS,false,JTEBU4BF5BK913247
830,2022,Táng,2025,Bugatti,Veyron,false,WBAEU33423P056234
831,2022,Audréanne,2025,Ford,Probe,false,WAUNF78P17A392714
832,2022,Marie-ève,2025,Cadillac,Seville,false,WBANW1C50AC373926
833,2022,Réjane,2025,Mercedes-Benz,CLK-Class,false,WBA5B1C59FD175648
834,2022,Jú,2025,Isuzu,Trooper,true,WAUDH94F97N448891
835,2022,Méryl,2025,Ford,Crown Victoria,true,1D4PT7GX5AW433350
836,2022,Renée,2025,Chevrolet,Express 3500,true,JN1AZ4FH3FM477248
837,2022,Gwenaëlle,2025,GMC,Canyon,true,1GYS3LKJ1FR916062
838,2022,Mélodie,2025,Hyundai,Accent,true,4A31K3DTXAE957452
839,2022,Ophélie,2025,Ford,Tempo,false,1N6AF0LY3EN776263
840,2022,Maëly,2025,Saturn,VUE,true,WBAVD535X8A670723
841,2022,Audréanne,2025,BMW,Z8,true,3VW517AT1FM611775
842,2022,Thérèsa,2025,GMC,Sierra,true,WBA3V7C57F5709869
843,2022,Nadège,2025,Mitsubishi,Tredia,true,WBABD53426P304212
844,2022,Loïs,2025,Chevrolet,3500,false,WBAUU3C54CA687297
845,2022,Angélique,2025,Pontiac,Trans Sport,true,WAUHFAFL3DN366436
846,2022,Måns,2025,Mercedes-Benz,W126,true,1G6KD54Y35U393277
847,2022,Naéva,2025,Toyota,Celica,true,3D7TP2CT8AG938292
848,2022,Bérénice,2025,Audi,R8,true,JH4CW2H51DC374370
849,2022,Marie-françoise,2025,Chevrolet,Monte Carlo,false,WAUFGAFC3DN706141
850,2022,Tú,2025,Toyota,Tacoma,false,WAU3FAFR9DA467423
851,2022,Anaïs,2025,Ford,Taurus,false,WBANB53507C564970
852,2022,Anaëlle,2025,BMW,M3,true,1G6DN57U560063549
853,2022,Laurène,2025,Nissan,370Z,true,1GKS1KE07CR060307
854,2022,Lóng,2025,Toyota,T100,true,3CZRE3H35AG797779
855,2022,Bérengère,2025,Dodge,Viper,true,WAUGFAFR8DA976985
856,2022,Bérénice,2025,Acura,RSX,true,5TFAW5F17FX908039
857,2022,Magdalène,2025,Honda,Odyssey,false,WAUEF78E88A246455
858,2022,Méthode,2025,Maserati,Biturbo,false,1G6DG5E55C0118888
859,2022,Mén,2025,GMC,3500,false,1FTEW1C82FK682546
860,2022,Stévina,2025,Chrysler,Crossfire,true,3VWJP7ATXCM455888
861,2022,Léonie,2025,Volkswagen,Golf,false,5GAKVBKD0EJ379087
862,2022,Ruò,2025,Lincoln,Continental Mark VII,false,WBAEU33483P163384
863,2022,Cunégonde,2025,Volkswagen,Cabriolet,true,3VWML7AJ4CM514408
864,2022,Vénus,2025,Audi,4000,false,1G6DL8EY1B0808207
865,2022,Maïwenn,2025,Cadillac,Catera,false,1HGCP2E32BA619396
866,2022,Camélia,2025,Chevrolet,Camaro,false,1N4AL2APXBC147047
867,2022,Daphnée,2025,Land Rover,Freelander,false,WBANB33505B946262
868,2022,Mélys,2025,Lexus,LX,false,WAUSH94F87N441468
869,2022,Clémence,2025,Toyota,4Runner,true,KMHHT6KD2BU845694
870,2022,Célia,2025,Scion,tC,true,JN1EY1AP5EM074310
871,2022,Inès,2025,Chevrolet,Impala,true,1G4GC5GC0BF984667
872,2022,Måns,2025,Saturn,VUE,false,3G5DB03E95S942106
873,2022,Eugénie,2025,Porsche,Panamera,true,JH4CL96896C398238
874,2022,Aí,2025,Mercedes-Benz,CL-Class,false,2G4GT5GKXC9755298
875,2022,Görel,2025,Dodge,Intrepid,true,5J6TF2H52DL036858
876,2022,Josée,2025,Lincoln,Continental,false,KMHEC4A44DA566874
877,2022,Tú,2025,Kia,Sedona,true,WAUKGBFB8BN577497
878,2022,Mà,2025,Dodge,Ram 3500,false,JN1AZ4EH0EM235002
879,2022,Marie-hélène,2025,Volkswagen,Cabriolet,false,WBASN4C55AC235838
880,2022,Marlène,2025,Pontiac,Montana SV6,true,WAULD54B14N908165
881,2022,Françoise,2025,Nissan,Quest,true,3C63D3NL5CG426635
882,2022,Eugénie,2025,Chrysler,New Yorker,true,3D7TP2CT1BG286407
883,2022,Gaétane,2025,Honda,CR-V,true,1G4GB5GR0EF804115
884,2022,Örjan,2025,Mercedes-Benz,SL-Class,true,WDDLJ6FBXFA906803
885,2022,Athéna,2025,Cadillac,CTS-V,true,1N6AF0LY4EN443876
886,2022,Océanne,2025,Kia,Spectra,true,5UXFE83587L807780
887,2022,Nuó,2025,Cadillac,STS,true,5N1AT2ML1EC115185
888,2022,Marie-noël,2025,Jeep,Grand Cherokee,false,3VWF17AT2FM610770
889,2022,Camélia,2025,Porsche,911,false,WBADX1C5XDJ019887
890,2022,Wá,2025,Mazda,MX-5,true,4A4JM2AS4AE009933
891,2022,Hélène,2025,Volvo,XC60,false,5NPEB4AC0BH982263
892,2022,Maïlis,2025,BMW,X5,false,WBAKN9C54FD562424
893,2022,Mélina,2025,GMC,Vandura G2500,true,WAUKH98E07A761330
894,2022,Réservés,2025,Infiniti,I,false,SAJWA4DC8CM441795
895,2022,Frédérique,2025,Lexus,LX,false,WA1CMBFP0FA484153
896,2022,Naéva,2025,Dodge,Dakota Club,true,4USFE43587L054658
897,2022,Athéna,2025,Porsche,Boxster,false,JHMFB4F22CS158836
898,2022,Annotée,2025,Dodge,Neon,true,WBA3F9C52EK862815
899,2022,Maëlann,2025,Jeep,Grand Cherokee,true,1G4GJ5G39DF553592
900,2022,Lauréna,2025,Ford,Crown Victoria,true,1GYUCAEF0AR776275
901,2022,Laurène,2025,Volkswagen,New Beetle,false,JM1CW2BL6E0664986
902,2022,Tán,2025,Suzuki,SX4,false,WBA3B9C59FJ345272
903,2022,Annotés,2025,Mercedes-Benz,G-Class,false,2T3BFREV6FW430054
904,2022,Michèle,2025,Pontiac,Grand Prix,false,4T1BD1EB6FU276127
905,2022,Noëlla,2025,Toyota,Celica,true,JM1DE1HY7B0714567
906,2022,Léone,2025,Buick,Lucerne,false,WVWAA7AHXAV592798
907,2022,Dù,2025,Chevrolet,Camaro,false,1FTWF3A53AE179124
908,2022,Loïca,2025,Foose,Hemisfear,false,JN8AF5MR9CT878557
909,2022,Estève,2025,Dodge,Intrepid,true,WAUBFAFL3DN534128
910,2022,Ruò,2025,Mazda,B-Series,false,5TDBM5G12CS986710
911,2022,Marie-josée,2025,BMW,X5,false,1FTSX2B52AE513390
912,2022,Adélaïde,2025,Porsche,911,true,JN1AZ4EH5BM608787
913,2022,Märta,2025,Volkswagen,Eurovan,true,WBA3B5C58FP866179
914,2022,Marie-françoise,2025,Suzuki,SJ,true,JTHBB1BA0B2897342
915,2022,Bérangère,2025,Honda,Accord,false,1G6AB5SA4D0250710
916,2022,Illustrée,2025,Eagle,Summit,true,WP0AA2A96DS367151
917,2022,Thérèsa,2025,Mitsubishi,Diamante,true,2G61W5S87E9775205
918,2022,Maïly,2025,Audi,RS6,false,5FRYD4H86FB117020
919,2022,Marie-thérèse,2025,Volkswagen,New Beetle,true,1G4HA5EM2BU850888
920,2022,Gaïa,2025,Chevrolet,Camaro,false,1G4GA5ER7CF164388
921,2022,Tán,2025,Mitsubishi,Mirage,true,WAUCFAFHXEN849395
922,2022,Léone,2025,Infiniti,G,false,WVWBN7AN8FE832971
923,2022,Miléna,2025,Maybach,57,false,JN1CV6EK6BM684742
924,2022,Bérénice,2025,Toyota,Land Cruiser,true,19XFB4F22EE664254
925,2022,Yè,2025,Dodge,Intrepid,false,WAUAF48HX8K612479
926,2022,Garçon,2025,Mercury,Sable,true,5FPYK1F28CB479812
927,2022,Cinéma,2025,Saab,9-3,false,1HGCP2E80AA388363
928,2022,André,2025,Dodge,Ram,true,WAURD68DX2A275987
929,2022,Mélina,2025,Acura,MDX,true,WAUFFAFL2BA379903
930,2022,Göran,2025,Ferrari,F430,true,WBADT43422G045592
931,2022,Kévina,2025,Honda,CR-V,true,WA1BY74L59D019996
932,2022,Maïté,2025,GMC,1500,true,JH4KB16518C616553
933,2022,Görel,2025,Honda,Ridgeline,true,WAUFMAFC9EN569071
934,2022,Stévina,2025,Chevrolet,APV,true,WDDGF4HB3CR032148
935,2022,Mélissandre,2025,Suzuki,Sidekick,true,WBADN63442G317016
936,2022,Danièle,2025,Chevrolet,Corvette,true,1NXBU4EE5AZ061066
937,2022,Kuí,2025,Mercury,Mariner,false,JH4KB165X8C838783
938,2022,Cinéma,2025,Pontiac,6000,true,1C6RD7FP6CS066755
939,2022,Gwenaëlle,2025,Chevrolet,Corvette,true,1FTKR1AD7BP204856
940,2022,Loïca,2025,Dodge,Avenger,true,WBXPA73424W463119
941,2022,Athéna,2025,Chevrolet,Impala,false,2FMDK3ACXAB981629
942,2022,Cunégonde,2025,Lexus,IS,false,WBAPM5C54BE279544
943,2022,Rébecca,2025,Cadillac,DeVille,false,WBA6A0C53ED094872
944,2022,Crééz,2025,Ford,Expedition EL,true,5N1AR1NB5BC519861
945,2022,Mélissandre,2025,Chevrolet,Corvair,false,1G6AY5SX6E0794209
946,2022,Noémie,2025,Volvo,XC70,false,2C3CCAAG8FH516279
947,2022,Audréanne,2025,GMC,Safari,true,WA1AGBFE4CD744755
948,2022,Chloé,2025,Cadillac,DTS,true,WAUMGAFL6CA376699
949,2022,Léandre,2025,Volkswagen,Jetta III,false,SCBGT3ZA6DC700714
950,2022,Mélia,2025,Ford,Thunderbird,true,JN1AV7AP5FM327895
951,2022,Nadège,2025,Chevrolet,Corvette,false,WAUDF48H87K716464
952,2022,Mélys,2025,Pontiac,Turbo Firefly,true,JTEBU4BF8AK378140
953,2022,Léonore,2025,Mazda,MX-5,true,4A31K3DT3CE502719
954,2022,Réservés,2025,Chevrolet,Express 3500,false,2C3CCADT7CH727994
955,2022,Lén,2025,Buick,LeSabre,false,1D7CW3BK2AS232641
956,2022,Cléopatre,2025,Audi,RS 6,true,1FMJK1F51DE064377
957,2022,Mélissandre,2025,Toyota,Echo,false,JN1CV6EK5EM983238
958,2022,Nadège,2025,Chevrolet,Aveo,false,1GYS4GEF7BR529571
959,2022,Alizée,2025,Lincoln,Continental,false,4USBT33575L866805
960,2022,Aloïs,2025,Lincoln,Navigator L,true,5N1AR2MM8EC822789
961,2022,Noémie,2025,Chevrolet,Monte Carlo,false,1D7CE5GK3AS529635
962,2022,Aloïs,2025,Ford,F250,true,4T3BA3BB0EU573019
963,2022,Lucrèce,2025,Buick,LeSabre,false,2G4WS52J731340712
964,2022,Eliès,2025,Chrysler,New Yorker,true,5UXFG83589L869709
965,2022,Magdalène,2025,Land Rover,Discovery,true,2T2BK1BA3CC074677
966,2022,Stévina,2025,Volvo,C70,false,JTJBM7FX7D5459719
967,2022,Görel,2025,Mercedes-Benz,400E,false,WAUMV94E38N493276
968,2022,Agnès,2025,Volkswagen,Fox,true,2G4GK5EX2E9159347
969,2022,Vérane,2025,Mazda,MPV,true,WBA3X5C56FD023178
970,2022,Léa,2025,Mercury,Grand Marquis,true,2C3CCADGXDH733325
971,2022,Pénélope,2025,Pontiac,Tempest,true,2B3CK2CV7AH019363
972,2022,Agnès,2025,Lincoln,Continental,true,KNAFK4A62F5184834
973,2022,Hélèna,2025,Mazda,Familia,false,1D7CE3GK9AS146688
974,2022,Athéna,2025,Nissan,GT-R,true,YV4852CZ9B1442537
975,2022,Mélinda,2025,Ford,F150,false,2G4GW5EV2B9419048
976,2022,Åslög,2025,Nissan,Quest,false,2B3CA7CW1AH898626
977,2022,Mahélie,2025,Buick,Century,true,KMHHT6KD4EU682714
978,2022,Laïla,2025,Toyota,Tercel,true,WBANU5C50AB371015
979,2022,Almérinda,2025,Nissan,Quest,false,1G6AC1RX5F0160954
980,2022,Ráo,2025,BMW,3 Series,true,WBAKF5C56CE551582
981,2022,Faîtes,2025,Maybach,57,false,3C63D3NL6CG333722
982,2022,Cinéma,2025,Chevrolet,Suburban 2500,true,JN8AZ2KR6CT596997
983,2022,Gaïa,2025,GMC,Savana 2500,false,JTHDU1EF5B5094471
984,2022,Célia,2025,Mazda,MX-5,true,WAUHGAFC8DN340024
985,2022,Loïca,2025,Jeep,Wrangler,false,WAUEH64B11N066409
986,2022,Adélie,2025,Geo,Prizm,true,1B3CB2HA0AD712892
987,2022,Méng,2025,GMC,Savana 2500,false,1GD311CG6FZ015000
988,2022,Solène,2025,Mercury,Marauder,true,1FTEW1CM4CK723266
989,2022,Vérane,2025,Oldsmobile,Silhouette,true,WVGAV7AX2AW281996
990,2022,Zhì,2025,BMW,M Roadster,false,1FTSW3A59AE006402
991,2022,Anaël,2025,Nissan,Leaf,false,WA1DGAFE1DD095702
992,2022,Léa,2025,Honda,Accord,false,SALFR2BGXDH300473
993,2022,Lucrèce,2025,Subaru,Brat,false,1G6AT5S33E0852871
994,2022,Zhì,2025,Infiniti,FX,false,WA1LMBFE4DD512580
995,2022,Méline,2025,Volkswagen,Jetta,false,WBAFU9C51BC366817
996,2022,Nélie,2025,Saturn,VUE,true,JM3KE2BE9F0195840
997,2022,Valérie,2025,Mitsubishi,Chariot,false,1FTMF1CW9AK963066
998,2022,Mà,2025,Dodge,Ram 1500 Club,false,WBAPH7G52AN130199
999,2022,Régine,2025,GMC,Sierra 3500,false,5N1AN0NU2CC086511
1000,2022,Anaëlle,2025,Nissan,Maxima,true,1HGCP2E45AA351077
